<?xml version="1.0" encoding="UTF-8"?>
<project-private xmlns="http://www.netbeans.org/ns/project-private/1">
    <editor-bookmarks xmlns="http://www.netbeans.org/ns/editor-bookmarks/2" lastBookmarkId="0"/>
    <open-files xmlns="http://www.netbeans.org/ns/projectui-open-files/2">
        <group>
            <file>file:/C:/Users/S525037/Documents/NetBeansProjects/JavaDB/src/javadb/GenerateQRCode.java</file>
            <file>file:/C:/Users/S525037/Documents/NetBeansProjects/JavaDB/src/javadb/test.java</file>
            <file>file:/C:/Users/S525037/Documents/NetBeansProjects/JavaDB/src/javadb/QRScan.java</file>
            <file>file:/C:/Users/S525037/Documents/NetBeansProjects/JavaDB/src/javadb/GenerateQR.java</file>
        </group>
    </open-files>
</project-private>
